prefix,generated,Perplexity,Small,Medium,Zlib,Lowercase,Window
Trackbacks/Pingbacks,"Trackbacks/Pingbacks

Related",48.44960021972656,1.2921092115036135,1.0319690992538597,8.246308818954246,1.3280326963422995,48.44960021972656
by craigstumph,"by craigstumph@gmail.com

Advertisements",28.05149269104004,1.150608280839811,1.1578348239042142,14.396939876067947,1.1822327427138986,28.05149269104004
Password Forgot password?,"Password Forgot password?

Sign In",9.818877220153809,1.310035667473807,1.1991989830804577,15.759704571384379,1.35901829778484,9.818877220153809
Senior Software Engineer at Medium,"Senior Software Engineer at Medium

Software Engineering Manager at Google",18.16043472290039,1.2827103771489707,1.1408458098090806,21.384875490460956,1.56481128021271,18.16043472290039
Vanity Cube Coupons,"Vanity Cube Coupons

The following items are available for purchase with the Vanity Cube:",18.688425064086914,1.17343555777718,1.100811691460263,26.981755723882372,1.248841815338613,18.688425064086914
Contact Marie LeClaire,Contact Marie LeClaire on Twitter @marieclaire_DMN.,6.130368709564209,1.9010576093393814,1.7527280707340942,28.126216616275702,1.9170086835073088,6.130368709564209
Deadline 20 Jul 2021,"Deadline 20 Jul 2021

The winner will be announced on the night of the event.",12.527541160583496,1.3290656854377154,1.2087741984759348,28.877387447385566,1.2769239412539872,12.527541160583496
Add to Company Favorites,"Add to Company Favorites My Account Newsletter Daily Updates Product Related

Product Not Found",9.847225189208984,2.5310349808871213,2.0773602605749075,34.97742215766872,2.531241606244007,9.847225189208984
Other - Dining Out,"Other - Dining Out

- Dining out Food & Drink - Restaurants, Cafes and Bars

The following are the most popular destinations for dining in London.",12.117960929870605,1.1674127245200252,1.0565438065063986,43.29197420827086,1.2879421941428533,12.117960929870605
4112 Highway 70 East,"4112 Highway 70 East, Suite 100

Lafayette, LA 70801


Phone: (225) 622-5200

Fax: (325) 442-8500",8.247715950012207,1.2613997108456572,1.1509506267755394,43.603211942572116,1.3177473309017063,8.247715950012207
Priceâ‚ª30.50,"Priceâ‚ª30.50

$29.99


Sale Price: $24.95

You Save: $3.00 (15%)

(10% off)",6.228805065155029,1.4199128903226397,1.2588767929554159,43.73533643895689,1.1770113986236477,6.228805065155029
Equestrian promo code,"Equestrian promo code:

http://www.equestriadaily.com/news-and-events/equestrian-promo-codes/",5.207475185394287,1.5081260083266301,1.2868606045747966,49.0880789705255,1.0518321263363783,5.207475185394287
This organization has no sites,"This organization has no sites in the United States.

The following is a list of organizations that are part of this international network:",7.855410099029541,1.2679590655123265,1.1717561637379843,49.970830643333805,1.4002178470932551,7.855410099029541
Football Manager Crack FullVersion,"Football Manager Crack FullVersion

The full version of FM16 is available for Â£39.99 on Steam, and includes all the content from the free version plus a host of new features including:",12.089591026306152,1.425518106552642,1.273469434004161,55.77077375398522,1.3059239982707367,12.089591026306152
Round trip? Yes No,"Round trip? Yes No Unsure

Is this attraction a hidden gem or off-the-beaten path? YesNo Unsure",4.313036918640137,1.0658466950246301,1.0848152341583737,57.46960203202549,1.7185700753709299,4.313036918640137
"on April 25, 2021","on April 25, 2021.

The company is also working on a new version of the car that will be able to drive itself and has already tested it in California with its first customers.",8.61434268951416,1.2971185715162976,1.1617365171284295,62.226350085602945,1.2411135318834747,8.61434268951416
The Pitfalls of English,"The Pitfalls of English Grammar

English grammar is a complex subject, and it's easy to get lost in the weeds. Here are some tips for getting started:",6.192668914794922,1.2001913677721594,1.1569177500950738,62.52172632293579,1.4438610540288916,6.192668914794922
Shorts / Skirts,"Shorts / Skirts

The shorts and skirts are made from a soft, stretchy material that is comfortable to wear all day. The skirt has an elastic waistband for added comfort.",6.232418537139893,1.3212138921104888,1.073634408053486,65.03569297161988,1.24509531088895,6.232418537139893
Minutes of Meetings,"Minutes of Meetings

The minutes are available for download in PDF format. The meeting agenda is also available on the website, and can be viewed by clicking here.",5.7832794189453125,1.3619250704521384,1.1277282488183673,66.09796225685734,1.4902721952983116,5.7832794189453125
ðŸž Bug tracker,"ðŸž Bug tracker: https://github.com/julien-santos/pypi

Contributing

Please see CONTRIBUTING for details on how to contribute.",5.04080057144165,1.334943683296985,1.181546242768766,66.14881365160117,1.3128518558699938,5.04080057144165
LIST OF TABLES,"LIST OF TABLES

The following tables list the available tabs. The first tab is for a single-line description of the table, and the second tab is an example of how to use it.",5.918553352355957,1.2889899485167464,1.2362104415810053,66.36326831844069,1.4043424002491638,5.918553352355957
More Tennis Betting News,"More Tennis Betting News

Tennis Odds for Wimbledon 2017 â€“ Live Results, Schedule and Scores

Wimbledon 2018: The Best of the Rest

The Biggest Upset in Wimbledon History?",7.128284931182861,1.5013615143316088,1.3269314228608333,67.20735790963685,1.3546830375948449,7.128284931182861
CoffeeArmy greenBlack,"CoffeeArmy greenBlack

The Coffee Army is a group of people who are passionate about coffee. We have been around for over 10 years and we love what we do! Our mission statement: ""We believe in the power of good coffee to change lives.""",9.346855163574219,1.2295169161053332,1.1545335620875625,72.0345068903305,1.17570508435761,8.518045425415039
The official visitor website for Norfolk,"The official visitor website for Norfolk Island, which is part of Australia's Northern Territory, has been taken offline.

A spokesperson said the site was ""under maintenance"" and would be back online soon.",6.817733287811279,1.295393282791645,1.176045209265875,77.62328729892876,1.4191986496080962,6.817733287811279
Must Visit Places Temp Child,"Must Visit Places Temp Child Care

The best way to get a sense of what's available in your area is by visiting the websites for local child care providers. You can also check out our list of top-rated child care centers and preschools, which we update regularly.",8.544737815856934,1.2885775899796723,1.1812210269258132,80.64081448496565,1.2062504067336746,5.034431457519531
By Sandra 3 years ago,"By Sandra 3 years ago

I have been using this product for about a month now and I love it. It is very easy to use, the smell is not overpowering at all and it does what it says on the tin!",5.013027191162109,1.2597722433988736,1.10221697268104,83.74482218128072,1.2356372297037768,5.013027191162109
AJC Signature Boxes,"AJC Signature Boxes

The Atlanta Hawks have a new signature box for the 2017-18 season. The boxes are available in both black and white, with each team's logo on one side of the box and their name on the other. Each box is $25 per game.",6.857460975646973,1.2090778211046762,1.1304910745862131,84.14110293802707,1.281328764171307,5.702391147613525
Topics & Questions for Discussion,"Topics & Questions for Discussion

The following are some of the most common questions and topics that we see asked in our forums. If you have a question about anything not covered here, please post it on one of these other threads:",6.2039690017700195,1.3104836620423177,1.195177480218784,84.37481214637616,1.2245998386563692,6.2039690017700195
âˆŽ LCD Cables,"âˆŽ LCD Cables

â— 2.5mm Audio Jacks (1/8"" TRS)

â€¢ 1 x USB 3.0 Port

(2A Power Supply Required)


Specifications:

Dimensions: 4-3/4""x7-1/16""x9-1.75""

Weight: 0.6 lbs.",6.060474395751953,1.319307665278337,1.1729559610831595,86.58065935671893,1.282630723724332,4.947860240936279
Generator Sizing Calculator,"Generator Sizing Calculator

The following calculator will help you determine the size of your generator. The results are based on a standard 12 volt household power supply and should be used as an estimate only, not for any specific application or load.",6.6642255783081055,1.486071140088869,1.1680587153574273,89.09959956167492,1.268934874944378,6.6642255783081055
What's on in the Community,"What's on in the Community?

The community is a place where you can find out about new releases, get help with your projects and share ideas. You'll also be able to see what other people are working on and how they're doing it!",5.676424503326416,1.2268773414060083,1.1440961040253932,89.84510984670946,1.1303662707562112,5.634457111358643
Gender: Men | Women,"Gender: Men | Women

Age Range: 18-30 years old

Location: All over the world. We have a team of volunteers in each country that help us with our projects and we are always looking for more people to join our team!",5.616158485412598,1.4022773709866503,1.2229334276162445,91.55981427103123,1.120038325449453,5.796421051025391
week ending July 7th,"week ending July 7th, the company announced.

The new pricing structure will be in effect for all customers who have a subscription to Netflix's streaming service and are not currently on an introductory plan with one of its other services. The price increase is effective immediately.",7.911643028259277,1.40164943208515,1.2439805994262432,92.82826807866392,1.2059449374092144,7.397818565368652
Spares and Essentials,"Spares and Essentials

The following is a list of the most common parts that you will need to complete your build. If you are looking for more information on specific components, please check out our Build Guide or contact us directly at info@bluemoongames.com.",6.438255310058594,1.3027199486324603,1.1534711270472493,93.43497969568035,1.226664329711824,5.4998297691345215
Zulur says:	,"Zulur says:	, I am the one who will be your guide.

Dalaran yells: You are not worthy to lead us! We have no need of a weakling like you!

Kael'thas Sunstrider yells: The time has come for me to claim my rightful place as leader of this Legion!
- Kael'thys and Dalaran (Horde)

- Dalaran and Kael'Thas (Alliance)
",8.729538917541504,1.3534033196964133,1.1490727512928292,93.6903235072513,1.1589021266655286,5.030251502990723
Commercial Zero Turn Mowers,"Commercial Zero Turn Mowers

The best way to get a good start on your lawn is with the right mower. The first step in getting started is choosing one that will work for you and your yard. There are many different types of zero turn mowers available, but here's what we recommend:",6.766217231750488,1.2376640517602968,1.1728776862811983,94.1451066034883,1.1717743206342213,7.775204658508301
Wiper Switch bezel,"Wiper Switch bezel.

The switch is a bit larger than the original, but it's still very small and light weight. It has an integrated LED indicator that shows when you're in use or not. The switch itself can also be used as a stand for your phone (or tablet) so you don't have to worry about dropping it while using it.
.",8.632054328918457,1.1562022412693573,1.0874777028619622,94.64238189531821,1.09678257856985,7.721883773803711
WhiteBlaze logo progression,"WhiteBlaze logo progression.

The new logo is a bit more subtle than the old one, but it's still very recognizable and will be used on all of their products going forward. The company also announced that they are changing their name to ""American Blaze"" in order to better reflect their brand identity.",7.725444793701172,1.293536854261056,1.16728791166792,95.86605049502302,1.1584499972766655,8.026321411132812
Bollywood Deewana,"Bollywood Deewana"" and ""Dilwale Dulhania Le Jayenge"".

The film is based on the life of a young girl who was kidnapped by two men in Mumbai. The story revolves around her struggle to survive, as she tries to find out what happened to her kidnappers.",5.567538261413574,1.8245264211092336,1.3683268485456128,100.17746598821655,1.3790964786660385,5.648899555206299
Brunello Cucinelli,"Brunello Cucinelli, a former Italian prime minister and current head of the European Parliament's Committee on Foreign Affairs, said that ""the EU is not in danger"" from Brexit.

He added: ""The UK has been an important partner for Europe since its foundation.""",5.673488616943359,1.362483042742646,1.218248660207011,100.81782237123139,1.6547834232568015,5.524009704589844
loans in tulsa,"loans in tulsa, oklahoma.

I have a lot of friends who are struggling with debt and I want to help them get out from under it. My goal is to make sure they can pay off their loans as quickly as possible so that they don't end up paying more than what they borrowed.",5.8412184715271,1.262276400832078,1.1172644808018453,101.41991177090475,1.0450111139418856,5.154242992401123
Dietary Counselling,"Dietary Counselling

The following dietary counselling services are available:

Nutrition Counseling (including dietitians)

Health Promotion and Disease Prevention Services

Weight Management Programs

Physical Activity Programs
 the Health Information Network

Counseling for Children, Youth & Families

Crisis Intervention Services
.",6.778604507446289,1.2952235722027274,1.2481686550451294,102.41558357354775,1.2350847100222528,6.5598955154418945
Sherry G Antonetti,"Sherry G Antonetti, a professor of law at the University of San Diego School of Law and an expert on immigration issues.

""The president has made it clear that he's going to enforce our laws,"" she said in an interview with The Associated Press. ""He is not going to be bullied by Congress.""",5.689299583435059,1.2293272919579898,1.1596320598984828,108.13378011811639,1.556168282307044,3.863659620285034
Buying & Care Guides,"Buying & Care Guides

The following are some of the most common questions we receive about our products. If you have any other questions, please feel free to contact us at info@thesmokingstore.com or call 1-800-872-9463.",4.4937639236450195,1.3772329234870306,1.183697117543301,108.47209369668566,1.3259565877034767,3.8387832641601562
"Added: September 1, 2015","Added: September 1, 2015

The following is a list of all the characters in the game. The names are listed alphabetically by last name and then by first initial (i.e., ""John"" would be followed by ""J""). Characters with no surname or initials have been omitted from this list to avoid confusion.",5.987351417541504,1.3709689731014294,1.2281091619464481,109.51867316001982,1.2542513694912263,5.540935516357422
Hubungi : Roberto,"Hubungi : Roberto, you're a good man.

Roberto: I'm not sure if it's true or not but...

Pipo : You are the best!

[The scene changes to a room with several people in it.]

Man 1 : Hey, what happened?

Woman 2 : We were attacked by some pirates and we lost our ship.
- Man 1 : What about your ship?
 of course, they took everything from us.
... - Man 2 : But how did you get here?
",9.586763381958008,1.2140625299046504,1.0839397309848222,111.4855150272162,1.0886489428764219,7.517514228820801
CONTACT OUR TEAM TODAY,"CONTACT OUR TEAM TODAY

We are always looking for new and enthusiastic people to join our team. If you have a passion for the outdoors, love working with animals or just want to be part of something great then we would like to hear from you!",4.204341888427734,1.3712912647291355,1.2677234531890127,114.19676222877928,1.209653074065191,4.327600002288818
"Apr 11th, 2021","Apr 11th, 2021

The first day of the new year is a time for reflection and celebration. The New Year's Eve party will be held at the Grand Hyatt in downtown Los Angeles on December 31st, with DJ sets from DJ Jazzy Jeff & The Fresh Prince, Lil Jon, Snoop Dogg, and more!",5.12932014465332,1.4513223445544778,1.1864421031190335,114.37496870228324,1.6291429540338458,4.9588141441345215
atlantic 77802 adult personals,"atlantic 77802 adult personals

Adult Personals is a free service for people looking to find love, companionship and friendship. We are an independent agency that provides local singles the opportunity to meet new friends in their area. Our goal is to help you make your life easier by providing you with quality dating services at affordable rates.


We have been serving our community since 1997!",8.86635971069336,1.383577799713633,1.2825815852023328,115.01814841856066,1.0894064306209614,6.712213039398193
All products include VAT.,"All products include VAT.

The price shown is the Manufacturer's Suggested Retail Price (MSRP). The MSRP may be higher or lower depending on your location and local tax rates, as well as other factors. Please contact us for more information about these prices.",4.24854850769043,1.3578303652661206,1.0526599770972678,118.21005938196035,1.5565981668850457,3.667593479156494
Mastic Beach 11951,"Mastic Beach 11951

Sydney, Australia


(02) 9284-8200

I have been using this product for a few months now and I am very happy with it. It is easy to use and the results are great! The only thing that could be better would be if there was more of it in each tube so you can get all your products out at once. But overall, I love my new bottle!!",6.558603763580322,1.419181959101122,1.2203097981164446,122.28983530784812,1.0934351669808187,4.1830596923828125
Test Description goes like this,"Test Description goes like this:

The first line is the name of the test. The second line contains a description for that test, which will be displayed in the output window when you run it. If there are any comments after the test name (which can also contain spaces), they'll appear as part of the text shown on screen.

If you want to see all tests in your project, use Test Explorer instead.",6.846381187438965,1.2466113241562484,1.1901864491648846,123.71861441441742,1.1000366233579313,6.101414203643799
"Hakert, Tanner","Hakert, Tanner. ""The New York Times' 'A Brief History of the World in 100 Objects.'"" The Atlantic: Culture and Society 2 (Spring 2011): 1-22.

Kleinberg, David. ""How to Be a Good Person."" In How Not To Be A Bad Person, eds. Peter Singer and John Tomasi. Oxford University Press: New York, NY, USA, 2012.
 the author would like to thank his wife for her help with this article",7.3951239585876465,1.4280889390686389,1.2187947991660222,125.44851226064908,1.3298102120035564,5.755924701690674
Body and Sheet Metal Parts,"Body and Sheet Metal Parts

The following are the parts that can be used to build a car. The list is not exhaustive, but it should give you an idea of what's available for your project. If there isn't anything on this page that fits your needs, please contact us at info@car-parts.com or call 1-800-872-9000.",5.412283420562744,1.1878931837212279,1.116843432817755,125.54250663767175,1.192226846478424,5.099843502044678
2018 Dama Dresses,"2018 Dama Dresses

$10.00


DAMASCUS - The Best of the Middle East (1948-1979)

by George Orwell, 1949

This is a collection of essays by George Orwell about his experiences in Syria during World War II and after. It includes an account of how he came to write Animal Farm, as well as some reflections on life under Soviet rule. This book was published posthumously. $20.00",7.223485469818115,1.367010857914155,1.2121670502420585,127.4440952670162,1.3774261887058736,6.31303071975708
Pick-Up & Delivery Service,"Pick-Up & Delivery Service

We offer pick up and delivery service for all our products. We will deliver your order to you within 24 hours of receiving it, or the next business day if ordered before 2pm. If we are unable to meet your deadline, we'll contact you via email with a revised date.",4.142307758331299,1.48554929387722,1.2584417916882844,131.57403490576445,1.2030177039763055,4.02397346496582
About Abigail Boyd,"About Abigail Boyd

Abigail is a mother of two, and an avid runner. She has been running for over 10 years, and currently runs 5-6 miles every day. Her favorite thing to do on the weekends are run with her husband, who also loves running. They both love to cook, so they have made it their mission in life to share their passion for food with others through cooking classes and events.",5.619795322418213,1.3602267209657537,1.1637445480060142,135.5503937394388,1.2359411668650253,6.18731689453125
The Beauty of Hardwood,"The Beauty of Hardwood

Hardwoods are the most durable wood available. They have a high density and can be cut to any length you desire, making them ideal for furniture construction. The hardness is also what makes hardwoods so attractive as they will not chip or crack when exposed to moisture. This means that your hardwood flooring will last longer than other types of floors because it won't need replacing after every few years.",6.527702808380127,1.4222795654859455,1.1625603933018536,138.05564732593524,1.1445942776131184,7.32077693939209
Updated PASSE Information,"Updated PASSE Information

The following information is provided for the convenience of those who are interested in obtaining a copy of this document. It should not be construed as an official record or report from the Office of the Chief Medical Examiner, nor does it constitute legal advice. The information contained herein may change without notice and is subject to revision at any time by the Office.",5.599666118621826,1.163483045244457,1.0812210371180178,138.15466214051276,1.227478977111089,3.962415933609009
0 Votes / 0 Reviews,"0 Votes / 0 Reviews

The new and improved version of the popular, award-winning game.


In this sequel to the original ""Tetris"" you can now play against your friends or random opponents in a variety of modes:


â€¢ Single player mode - Play against AI or other players online!

â€¢ Multiplayer mode - Challenge up to 4 people at once with different rulesets (including 2P)

* Online multiplayer is only available for iOS devices running iOS 8.1 or later.",7.4184675216674805,1.397668316305657,1.165974467363324,141.71851143798855,1.1557039999788863,6.058788776397705
Juice and Beverages,"Juice and Beverages

The following is a list of all the products that can be purchased at the store. Please note, some items may not have been added to our inventory yet due to their limited availability or because they are currently out-of-stock. If you see an item on this page that isn't listed here, please let us know so we can add it!",4.639471054077148,1.2665215103949803,1.086098792854707,142.70816384022228,1.2126325060456058,5.259590148925781
Director Series: Alex Cox,"Director Series: Alex Cox

Alex Cox Writer/Producer: David S. Goyer

David S.Goyer Executive Producer: Christopher Nolan, Emma Thomas

Christopher Nolan, Emmett Tatum Starring: Tom Hardy, Jessica Chastain, Michael Caine, Gary Oldman, Mark Strong, Rebecca Ferguson, Toby Kebbell, Ben Whishaw, and more!",3.771685838699341,1.8315872792311485,1.3441759675249079,143.12379717200125,2.459656140026516,3.6267621517181396
MistressAthena,"MistressAthena: I'm sorry, but you're not allowed to be here.

[A6I5] ==> 18/03/13 dialoglog ARANEA: You are a guest of the royal family and must abide by their rules!


ARANEA:: Oh, that's right. The rule is ""no talking about anything related to your mother.""

==> 19/03

JOHN: oh god...

John: what did she do?

ARANTIA: Yes, well, it was quite an eventful day for all concerned.
",5.8780741691589355,1.5331674573746825,1.334706752423643,149.04903446994234,1.3076264390146444,4.521927833557129
"Joined Nov 26, 2009","Joined Nov 26, 2009

Posts: 533


Posted: Thu Dec 05, 2010 7:01 pm Post subject: I'm not sure if this is a good idea or not. It's just something that came to mind while reading the thread. If you're going to do it, make sure you have some sort of backup plan in place for when things go wrong. You don't want your hard drive getting corrupted and causing problems with other programs on your computer.",5.418067932128906,1.2583375741398972,1.1280316620945954,153.278084250928,1.369033909923223,4.780319690704346
My quote for today:,"My quote for today: ""The only thing that can stop a bad guy with a gun is a good guy with an assault rifle.""

I'm not sure if I've ever said this before, but it's true. The best way to protect yourself from the threat of violence in your community is to be armed and prepared. And you don't have to wait until something terrible happens; you can do it now!",4.430699348449707,1.4210871432205687,1.1613366963849014,155.1838001631535,1.168607560835576,3.990915298461914
LO3701xxxxxCN,"LO3701xxxxxCN

The first two digits of the serial number are a unique identifier for each device. The third digit is an 8-bit value that identifies the manufacturer and model of the device, as well as its operating system version (e.g., Windows 7). For example:

0x001100001 = Microsoft Corporation

= Microsoft Corporation 0x001D0001 = Windows 7 Professional x64 Edition

For more information about how to identify your computer's hardware, see How To Identify Your Computer Hardware.",5.833622455596924,1.3148044312648304,1.20668461220391,156.4946864191179,1.2269636531903592,5.067934989929199
Sale Denim Jackets,"Sale Denim Jackets

The sale of denim jackets is a great way to get into the world of vintage and used clothing. The best part about buying your own jacket from an online retailer like J. Crew or H&M is that you can customize it with any number of accessories, including buttons, zippers, pockets, etc., as well as add personalization such as embroidery, patches, logos, etc. You'll also be able to find some really cool deals on jeans in this category.",5.943814754486084,1.3902734849171665,1.1846794571064414,157.65692483903473,1.187142634331535,6.836404323577881
2. Videographer Availability,"2. Videographer Availability

Videographers are available for all events, but please note that we cannot guarantee the availability of any particular videographer at every event. We will do our best to accommodate requests and schedule a time with each photographer as soon as possible. If you have questions about your specific needs or would like more information on how to book a videographer, please contact us directly by emailing [email protected]",5.3668670654296875,1.2852431923930563,1.1192105032705504,158.31031011326198,1.1174480916065679,6.205780982971191
We work in parishes,"We work in parishes, and we have to be able to say that the bishop is not a priest. We are priests.""

The Rev. John R. McDonough, pastor of St. Paul's Episcopal Church in New York City, said he was ""very disappointed"" by the decision. He called it an example of how bishops can use their authority for political purposes.

Advertisement Continue reading the main story

He added: ""I think this will make people more suspicious about what they hear from the pulpit.""",5.8460540771484375,1.1418439964677685,1.09188958933382,165.93356529167895,1.399838564720604,4.676286697387695
Product Type: OnlineTest,"Product Type: OnlineTest

Online Test Price: $39.99 USD

$39.98 CAD


Release Date: October 1st, 2017 (NA) / November 2nd, 2017(EU/OCEAN).

October 1st (NA)/November 2nd (EU/Oceania). Platforms: PC, PS4, Xbox One, Switch

PC, PS3, Xbox 360, Wii U, 3DS, Vita, iOS, Android, Windows Phone 8 and Mobile

The game is a multiplayer online test for the upcoming title ""Titanfall 2"". The game will be available on Steam Early Access starting from September 30th, 2017.",4.901922702789307,1.3168513374051112,1.2162894865845453,179.91636218897867,1.4295950174110874,4.622632026672363
XHamster Nude,"XHamster Nude Porn Videos

Nudity is a big part of the porn industry. It's not just for men anymore, and it doesn't have to be either. There are plenty of women who enjoy watching their man get off in front of them as well! Here at NUDE PORN we've got you covered with all kinds of free nude videos that will keep your mind on what's going on around you while you're getting ready for bed. We also offer some great deals on our premium content so if you want to watch more than one video per day or even multiple days in a row then check out our subscription plans.",5.968029975891113,1.5343526726316399,1.247615645969567,184.16753818281876,1.1097268410806216,5.445393085479736
teen boy ( 14 years ),"teen boy ( 14 years )

) A young girl ( 13 years )


The story is set in a world where the sun has been destroyed and all life on earth was wiped out. The only survivors are humans who have adapted to living underground, but they still need food and water. They live in caves or under buildings that were once homes for people. There are also many animals such as bears, wolves, foxes, etc., which can be found in these areas. Humans use their special abilities to hunt and gather food. In order to survive, they must learn how to communicate with each other so they can work together to find new ways of surviving.",6.404376029968262,1.2831326719161122,1.1280651157024553,190.6319464291144,1.0507702394632696,6.609206199645996
Fellowes - Julian,"Fellowes - Julian Barnes

The Girl with the Dragon Tattoo (2011)


Best Adapted Screenplay: The Imitation Game, by Graham Moore and Simon Stephens; Gone Girl, by Gillian Flynn & Stephen Chbosky.

Gone Girl is a very good film that has been praised for its writing but it's also an excellent adaptation of a great book. It was written in 2007 so there are some differences between the two versions but they're not huge ones. I think this one will win because it's more faithful to the source material than any other movie on this list.
- Best Original Score: Inherent Vice, by Hans Zimmer.
.
",6.397365570068359,1.5407587582190976,1.3086717575623021,195.59388131956374,1.6373358540859575,3.982396125793457
TISCHPULTE,"TISCHPULTE, N.Y., Sept. 12 (UPI) -- A New York man who was arrested for allegedly trying to sell a stolen car on Craigslist has been sentenced to three years in prison and ordered to pay $1 million restitution.

Michael J. Tischpule of the Bronx pleaded guilty last month to one count each of grand larceny by unlawful taking or disposition and criminal possession of stolen property after he sold his 2004 Dodge Caravan for less than it's worth online, police said.
 the vehicle had been reported as stolen from Brooklyn, authorities said.",5.4282145500183105,1.5002393651346604,1.2161098874194656,200.99192260015502,1.5895325960682087,4.1180901527404785
PAINT: Dangerous Secrets,"PAINT: Dangerous Secrets of the World's Most Secretive Companies

The company has been accused by a former employee of using ""a combination of intimidation, threats and bribery"" to keep her quiet about alleged sexual harassment. The woman says she was fired after reporting that one of its executives had sexually harassed her in 2011. She also alleges that the executive tried to pressure her into having sex with him at an industry party.

In response to these allegations, Uber said it is investigating them. It added that it will take appropriate action against any employees found to have violated policies or laws.",6.040689468383789,1.406627441856445,1.2361754581622872,201.27681159470887,1.1567136305951409,5.949537754058838
#277: 12th,"#277: 12th Anniversary Edition

The first edition of this book was published in 1994. It is now available for the first time as a deluxe hardcover, with an introduction by author and historian David Cesarani. This new edition includes all previously unpublished material from the original publication including interviews with key players such as former President Bill Clinton, Senator Ted Kennedy, and others who were involved in the events surrounding the assassination. The book also contains newly discovered documents that shed light on some of the most controversial aspects of the case.",5.558481216430664,1.495437117906797,1.291786585122157,201.71105677921378,1.219166764624995,5.184664249420166
163 jobs found Term or contract,"163 jobs found Term or contract workers, including those in the private sector and government.

The number of people employed by the public sector fell by 1,000 to 2.1 million over the year to March 2017, while there were also fewer people working for local authorities (down 800). The largest fall was among teachers (-500), followed by police officers (-400) and civil servants (-300).

There are now more than three times as many women working in education compared with a decade ago â€“ up from 8% to 23%. There has been an increase in the proportion of men working in all sectors except health and social work.",6.390745639801025,1.4275205814088978,1.2458094240876925,202.7117057434353,1.1176771802463388,5.965883255004883
Shetland Sheepdog,"Shetland Sheepdog

The Scottish Shepherd is a medium-sized dog with an athletic build. It has short, dense hair and dark eyes that are usually black or brown in color. The coat of the Scottish Shepherd can be either long (up to 15 inches) or short (3 feet). This breed tends to have a strong body structure which makes it easy for them to carry heavy loads. They also tend to be very loyal and protective of their family members. Their intelligence level is high as well. These dogs make excellent guard dogs because they will not hesitate to attack intruders if necessary.",5.365960597991943,1.5601624097855713,1.2922156366276574,204.1575027806628,1.144272503058682,5.981999397277832
896 MAIN STREET,"896 MAIN STREET, SUITE 100

NEW YORK, NY 10007-5100


(212) 683-8500 FAX: (212) 585-9000

www.marshallcouncil.org/index.html


The Marshall Project is a nonprofit news service based at the University of California Berkeley's School of Journalism and Mass Communication. For more information on this or other stories about the Middle East, please visit our website at www.aljazeera.com",3.5544023513793945,1.7331596242764828,1.4976039826381475,208.95973050801786,1.6810430146332924,3.7798655033111572
LO3162xxxxxCN,"LO3162xxxxxCN

The first two digits of the serial number are a unique identifier for each device. The third digit is an 8-bit value that identifies the manufacturer and model of the device, as well as its operating system version (e.g., Windows 7). For example:

0123456789ABCDEFGHIJKLMNOPQRSTUVWXYZabcdefghijklmnopqrstuvwxyz0123456ABCDEFGJKLMNPQR STUVWXC

This information can be used to identify the specific hardware components in your computer or mobile phone. If you have multiple devices with this same serial number, it may help if they all use different software versions.",4.913773059844971,1.3019056500158293,1.1836454052421521,214.19031695173487,1.183114360894647,2.102309226989746
INSPIRATIONAL VIDEOS,"INSPIRATIONAL VIDEOS

The video, which was posted on YouTube by a user named ""Kamikaze_Bomber,"" shows the man in his underwear and shirt standing next to an American flag. He then pulls out what appears to be a handgun from under his jacket and fires several shots at the ground before running away. The footage does not show him firing any more rounds.

""I'm just trying to get my country back,"" he says as he runs off camera.
- - -

A second video uploaded to YouTube Tuesday morning showed another person who appeared to have been shot in the leg while fleeing the scene of the shooting. It also did not appear that the shooter had fired any additional bullets.
 the suspect is still at large.",6.450478553771973,1.2677358266014798,1.1203169897455123,215.1109461127748,1.1672747984280618,5.966459274291992
BlackChristianPeopleMeet online dating,"BlackChristianPeopleMeet online dating site.

The website, which is based in the United States and has been around since 2007, allows users to create profiles with their own photos and bio information. The profile includes a photo of the user's face, along with an age range from 18-35 years old. Users can also choose whether they want to be single or looking for love.
 the Christian group said that it was ""disappointed"" by the decision.
.@CJHolland_ I'm disappointed too! We're not going anywhere. #ChristiansAgainstGayMarriage â€” Christians Against Gay Marriage (@catholicchristian) June 26, 2014

In addition to its Facebook page, the group has over 1 million followers on Twitter.",6.52053165435791,1.3974807074456785,1.2398050313937838,220.80519160774512,1.192618347999345,5.282299995422363
Registrar Dominios,"Registrar Dominios, Inc.

818-932-7000

www.dominionservices.com


The Registry of the City and County of San Francisco is a public agency that provides registration services to all residents in the city and county of San Francsico. The registry's mission is to provide accurate information about who owns property within the boundaries of the city or county of san francisco. This includes residential properties as well as commercial buildings, land parcels, businesses, etc. In addition, the registrant may be required by law to register certain types of real estate such as condominium units, coops, apartment complexes, hotels, motels, mobile homes, etc., which are not included on this website. Please contact us for more details regarding your specific needs.",5.651511192321777,1.3448870663284271,1.2098308301061578,232.11193876632683,1.112379655867475,5.8543548583984375
Puerto de Sardina,"Puerto de Sardina, Spain

The island of Puerto de Sardinha is a small volcanic island in the Mediterranean Sea. It has an area of about 1,000 square kilometers (400 sq mi) and its population is around 2,500 people. The island was inhabited by the indigenous inhabitants for more than 10,000 years before Spanish settlers arrived there in 1532. In 1833, the first European settlement on the island took place when the Portuguese established their colony at San Pedro de Atacama. After that, it became part of the Kingdom of Portugal until 1898, when it joined to Spain as a province. Today, Puerto de Santander is one of the most popular tourist destinations in Europe due to its natural beauty and beautiful beaches.",5.4852094650268555,1.2779198558494003,1.160789001090022,236.7725680435227,1.2138523748118617,5.71484899520874
Anillo Wing T-8,"Anillo Wing T-8

The Anillo is a very popular wing in the United States. It's also one of my favorite wings to make, and I've made it many times over the years. The recipe below will give you all the ingredients needed for this delicious wing. You can use any combination of chicken breasts or thighs that are about 1/2 inch thick (I like to buy boneless skinless chicken breast). If using thighs, cut them into strips first so they cook faster. For more information on how to prepare your own chicken, check out our How To Cook Chicken page!


Ingredients:

1 pound boneless, skinless, chicken breast halves

3 tablespoons olive oil

4 cloves garlic, minced

salt & pepper

Directions:
",5.210797309875488,1.365623953582216,1.1806332936320647,240.49923833896867,1.1017263981283845,4.322638511657715
Why hire a member?,"Why hire a member?

The best way to find out if you should hire someone is by asking yourself the following questions:

Do I have enough time for this person's work? Do they fit my team culture and personality? Can we get along well with them on an individual basis? Is there something about their background that would make me want to keep working with them? Are they willing to do what it takes to help us grow our business? What are some of the things they've done in the past that could be useful to us? How can I learn more about them, or better understand how they think?
...

If you answered ""yes"" to any one of these questions, then hiring a member might not be such a bad idea!",5.025964736938477,1.3343430451641396,1.1389689555963303,242.16262901534682,1.0822722296111802,5.989665508270264
Damsel Bugs(3),"Damsel Bugs(3)

The first of the three new dungeons, this dungeon is a bit more difficult than the others. The enemies are tougher and there's no healing items to be found here either. You'll have to rely on your own strength if you want to survive.


Dreadful Dungeon (4)
- This one has some really tough monsters that can kill you in just two hits. It also takes quite awhile for you to get through it so make sure you're prepared!


Frozen Forest (5)
. A very long dungeon with lots of ice blocks. There aren't any chests or anything but it does take a while to clear. Make sure you bring plenty of food because you won't find much else here.

. Another long dungeon where you will need to use your skills to defeat all the enemies. If you die once then you may not be able to continue.

 the last dungeon in the game. It's pretty easy as well. Just keep moving forward until you reach the end.",7.110398769378662,1.3043078692395549,1.1268241151871414,251.84058661990235,1.050398365580865,6.307843208312988
Anal Sex Essentials,"Anal Sex Essentials

The best anal sex toys are the ones that you can use with your partner. If you're looking for a toy to help ease penetration, then an anal plug is probably not going to be up your alley. But if you want something more substantial and comfortable, there's no better option than a butt plug. These plugs come in all shapes and sizes, but they tend to have a lot of girth (about 1 inch) so it will take some getting used to before you get into them. They also usually don't require any lube or water-based lubricant because they're made from silicone. The only downside to these types of plugs is that they aren't as easy to clean since they're porous. So make sure you wash them thoroughly after each use!",4.849991798400879,1.4190667206416059,1.1918511329894226,256.49518418291706,1.122381127099706,5.515313148498535
Mesa 705 F,"Mesa 705 FGLRX

Intel Core i7-4790K @ 4.5GHz (4 Cores)

GeForce GTX 980 Ti 6GB GDDR5

16 GB DDR3 1600MHz RAM

Samsung SSD 850 Pro 256GB MZVLW512HMJP0

Windows 10 Home 64bit

Nvidia GeForce GTX 970 2GB GDDR6

AMD Radeon R9 290X 3GB GDDR 5

EVGA SuperSC II ACX2+ 8GB

Thermaltake Water Cooling X31

Corsair H100i V2

Silverstone Strider Series SG06

Antec KÃ¼hler H20 120mm Fan

Cooler Master Hyper 212 EVO CPU Cooler

Dell S2717d G-Sync Monitor

Logitech Z623 Wired Gaming Mouse & Keyboard",3.657900094985962,2.2682970167418306,1.7862788913327343,260.62364467148336,1.820992160835394,3.0178325176239014
Main Sectors Served,"Main Sectors Served:

- The main areas of the city are the following:
. Main Street, which is a large street that runs through the center of town and connects to several other streets in different directions. It also has many shops and restaurants along it.. Central Square, which consists of two squares connected by an open space called ""The Plaza"". This square contains most of the major buildings in the area including the City Hall, the Police Station, the Fire Department, the Public Library, the Post Office, and the Bank.. Downtown, where all the businesses and services are located.. North End, which houses the various residences for those who live on the north side of the river.. South End, home to the homes of those living south of the River.. East Side, home of the residents of this section of town.. West Side, the residential section of the town.


Sections Served By:
 the police department, fire department, public library, post office, bank, and the city hall.


Description:
",6.073802471160889,1.4764554068228704,1.2020753506113502,261.0886677463062,1.1409615231018955,8.383877754211426
EljayLovesLife,"EljayLovesLife) September 26, 2017

The video was posted on the Facebook page of a group called ""Citizens for Justice in Palestine,"" which has been active since 2014. The group's name is an apparent reference to the Boycott, Divestment and Sanctions movement against Israel that began in 2005. It also appears to be a play off of the popular hashtag #BoycottStarWarsVII.

""We are calling upon all people who support justice and freedom in Palestine to join us at this demonstration today,"" reads one post from the group. ""This will not only show our solidarity with Palestinians but it will send a message to Hollywood executives that we do not want them supporting or financing any more films that glorify terrorism.""",5.098068714141846,1.44216326830482,1.2241480876212287,262.7601703656878,1.3521148578281807,3.634552478790283
Port & Company (1),"Port & Company (1)

Citigroup Inc. (2)
 the Dow Jones Industrial Average (3)
, and the S&P 500 Index (4). The index is a measure of market capitalization that includes all stocks in the U.S. stock market as well as many international companies. It was created by Charles Schwab in 1956 to help investors track their investments over time. In addition to tracking the performance of individual stocks, it also tracks the overall value of the entire market.

The Dow Jones industrial average has been around since 1896 when it began with just 100 shares traded on the New York Stock Exchange. Since then, it's grown from $10 per share to more than $20 today. This means that every single day, millions of people are able to buy or sell shares of this company at any given moment.
.",5.2648515701293945,1.3515749488093964,1.3350120226230606,265.49424514285374,1.312052399582558,5.507169246673584
Jennifer Garner (408),"Jennifer Garner (408) 965-7000

(408) 978-8100

www.jessicagardner.com


The New York Times bestselling author of the #1 New York Daily News bestseller, The Help and The Post has been named one of Time Magazine's ""30 under 30"" in 2013 for her work on issues related to women and girls around the world. She is a frequent contributor to CNN, MSNBC, ABC World News Tonight with David Muir, Good Morning America, CBS This Morning, NBC Nightly News, PBS' Charlie Rose Show, NPR's Fresh Air, and many other media outlets. Her latest book, A Year of Living Dangerously: My Journey from Fear to Freedom was released by HarperCollins in October 2014.",4.337862014770508,1.5965700328999346,1.3072901037170956,272.59439471694145,1.7338421287452621,3.775949001312256
What is Digital Transformation?,"What is Digital Transformation?

Digital transformation refers to the process of transforming a business into one that can be more competitive and profitable. It involves creating new products, services or processes in order to improve customer experience, increase efficiency and reduce costs. The goal is to create an environment where customers are satisfied with their purchases and businesses thrive by providing better value for money.

The digital revolution has been driven by technology companies such as Google, Facebook, Amazon, Apple and Microsoft who have created innovative ways to deliver information and entertainment to consumers at affordable prices. These companies have also made it easier than ever before for people to access these goods and services through online platforms like YouTube, Netflix, Spotify, Pandora, iTunes, etc.
.",5.425012111663818,1.2691299903761308,1.0781286259342908,274.39058307028824,1.1589650796212232,5.065126895904541
Jerry! Jerry! Jerry!,"Jerry! Jerry! Jerry!

(The doorbell rings)

JERRY: (to the phone) Hello?

MRS. POTTER: Oh, hello there, Mr. Potter. I'm so sorry to bother you at such a late hour but...

MR. POTTINGHAM: No problem. Just come in and sit down.

Mrs. Pottingham sits on the couch next to him. She is wearing an old-fashioned dress with long sleeves that reaches her knees. Her hair is tied back into two pigtails. The only thing she has on underneath are some white cotton panties.
 of course, it's not really Mrs. Pottson. It's just one of those people who have been living here for years and don't know any better. They're all like this.
""I've got a question,"" says Jerry. ""What do you call someone who lives in your house?""

Mr. Potter looks up from his newspaper. He smiles slightly as he answers.
 the answer is ""a guest.""

""Oh!"" exclaims Jerry.
",5.529479503631592,1.4379137303546339,1.240533035200552,278.3473227921576,1.1189089741341247,4.1615376472473145
Model Number: 12019,"Model Number: 12019

Manufacturer: Yamaha Motor Corporation

Year of Manufacture: 1986

Number of Models Produced: 1,000+

Years Produced in the U.S.: 1987-present


Yamaha's first motorcycle was introduced to the public on June 27th, 1985 at the New York International Auto Show. The YZF-R1 is a sporty and powerful two-stroke engine that produces an impressive 125 horsepower (100 kW) @ 6500 rpm and 100 foot pounds of torque (75 Nm) @ 4200 rpm. It has been said by many riders that it feels like riding a jet fighter! This bike also features a unique ""V"" shaped air intake system which allows for better airflow through the cylinder heads. In addition, this model uses a new type of clutch called a ""double action."" These changes make the R1 one of the most advanced motorcycles ever produced.",5.168790817260742,1.5276177000702742,1.2897602366524674,288.56009411594516,1.3398569657463757,3.7154877185821533
BBWAppleTarts,"BBWAppleTarts

Bread & Butter:

1/2 cup butter, softened

3 eggs

4 cups flour

2 tsp baking powder

Â½ tsp salt

Â¼ cup sugar

â…“ cup milk

Filling:
 the filling is up to you. I used a combination of chocolate and vanilla extract for my recipe. You can also use any other flavor that your heart desires!

Preheat oven to 350 degrees F. Grease an 8Ã—8 inch pan with cooking spray or line it with parchment paper. In a large bowl combine all ingredients except the cream cheese until well combined. Add in the cream Cheese and mix until smooth. Pour into prepared pan and bake for 30 minutes. Remove from oven and let cool completely before cutting into squares.",4.0524210929870605,1.3540664750090041,1.1795709617037795,293.0006078329172,1.1346662651962867,3.126791477203369
you are a miracle walking,"you are a miracle walking on water, and you have the power to heal all diseases. You can also use your powers for good by helping others.""

""I'm not sure I understand,"" said Harry. ""What do you mean?""

The old man smiled at him again. ""You see, there is something that has been bothering me about you since we met in Diagon Alley. It's called 'the prophecy'. The one thing that will destroy us if it comes true. And yet, despite everything, you still believe in it. Why? Because of what happened with Voldemort?""
-oOooOOoâ€”

Harry was sitting alone in his room when he heard a knock on his door. He looked up from his book and saw Sirius standing outside.

Sirius: ""Come in!""

He opened the door and stepped inside.
,,,,.

A/N: So here's my first attempt at writing fanfiction. This story takes place after chapter 1 of Deathly Hallows (and before chapter 2). There will be some changes made as well. Please review!",6.163846492767334,1.3726343822065334,1.170689935689999,293.61615575669595,1.1264584130879896,4.179354667663574
Gel Icing Colors,"Gel Icing Colors

Icing colors are the most important part of a cake. They make it look like you've baked something from scratch, and they also add flavor to your dessert. You can use any icing color that is available in your kitchen (or buy them online). Here's how to get started:

1. Mix together 1 cup powdered sugar with 2 tablespoons water until smooth. Add 3/4 teaspoon cream of tartar or vanilla extract if desired. Stir well.

2. Pour into an airtight container and refrigerate for at least 4 hours before using. If not used within this time frame, the frosting will become too thick and runny.
....

If you're looking for more great recipes, be sure to check out my cookbook! It has over 100 delicious low-carb recipes that'll help you kickstart your day off right!",4.794042587280273,1.4416194197616476,1.244421470440403,295.39854193144714,1.1615180153611393,4.848025321960449
"Philadelphia, PA 19104","Philadelphia, PA 19104

Phone: 215-686-5200


The Philadelphia Police Department is committed to providing a safe and secure environment for all of our residents. We are dedicated to ensuring that the community we serve has access to quality police services in an efficient manner. The following policies apply to all officers who interact with members of the public on any given day or night. These policies also govern interactions between law enforcement personnel and persons under arrest.

Officers shall not use profanity or make derogatory comments about race, religion, sexual orientation, gender identity, national origin, age, disability, veteran status, marital status, or other protected classes. Officers may be disciplined if they violate these rules.
....",4.421979904174805,1.3722968140870804,1.2113121040257018,295.97987927254627,1.2216377184076952,3.7547149658203125
